[
    {
      "description": "Great ambiance and the coffee was fantastic. Highly recommend the cappuccino!",
      "rating": 5,
      "user": "Sarah Johnson",
      "shop": "Brewed Awakenings"
    },
    {
      "description": "Fast service and excellent espresso. Will definitely come back!",
      "rating": 4,
      "user": "Michael Smith",
      "shop": "Espresso Express"
    },
    {
      "description": "The latte was just perfect and the staff were very friendly.",
      "rating": 5,
      "user": "Emily Davis",
      "shop": "Latte Lounge"
    },
    {
      "description": "Loved the mocha and the cozy atmosphere. A great place to relax.",
      "rating": 4,
      "user": "James Wilson",
      "shop": "Mocha Moments"
    },
    {
      "description": "The americano was okay, but the seating was quite uncomfortable.",
      "rating": 3,
      "user": "Olivia Brown",
      "shop": "Cappuccino Corner"
    },
    {
      "description": "Brew Brothers never disappoints. The flat white was amazing!",
      "rating": 5,
      "user": "William Johnson",
      "shop": "Brew Brothers"
    },
    {
      "description": "Good coffee but the place was a bit crowded.",
      "rating": 3,
      "user": "Ava Martinez",
      "shop": "Java Junction"
    },
    {
      "description": "Chai latte was delicious and the service was quick and efficient.",
      "rating": 4,
      "user": "Alexander Garcia",
      "shop": "Frothy Fix"
    },
    {
      "description": "Nice iced coffee, but the place could use a bit of cleaning.",
      "rating": 3,
      "user": "Mia Anderson",
      "shop": "Bean Scene"
    },
    {
      "description": "Cold brew was refreshing and the staff were very courteous.",
      "rating": 4,
      "user": "Elijah Martinez",
      "shop": "Grind House"
    }
  ]
  