[
  {
    "name": "Sarah Johnson",
    "email": "sarah.johnson@example.com",
    "password": "CoffeeLover123"
  },
  {
    "name": "Michael Smith",
    "email": "michael.smith@example.com",
    "password": "EspressoKing45"
  },
  {
    "name": "Emily Davis",
    "email": "emily.davis@example.com",
    "password": "LatteQueen!89"
  },
  {
    "name": "James Wilson",
    "email": "james.wilson@example.com",
    "password": "MochaMaster007"
  },
  {
    "name": "Olivia Brown",
    "email": "olivia.brown@example.com",
    "password": "Cappuccino!56"
  },
  {
    "name": "William Johnson",
    "email": "william.johnson@example.com",
    "password": "BrewBuddy123"
  },
  {
    "name": "Ava Martinez",
    "email": "ava.martinez@example.com",
    "password": "JavaJunkie!78"
  },
  {
    "name": "Alexander Garcia",
    "email": "alexander.garcia@example.com",
    "password": "FrothyFixer456"
  },
  {
    "name": "Mia Anderson",
    "email": "mia.anderson@example.com",
    "password": "BeanBoss99"
  },
  {
    "name": "Elijah Martinez",
    "email": "elijah.martinez@example.com",
    "password": "GrindGuru321"
  }
]
